AQS_Code,0.0
Latitude,0.0
Longitude,0.0
epoch,0.0
co,3.3300000000000005
humid,3.16
no,6.370000000000001
no2,6.370000000000001
nox,6.370000000000001
o3,3.7900000000000005
pm25,100.0
so2,3.4000000000000004
solar,3.25
temp,3.06
winddir,5.79
windspd,5.79
dew,100.0
wind_x_dir,5.79
wind_y_dir,5.79
hour,0.0
day_of_year,0.0
day,0.0
month,0.0
year,0.0
