AQS_Code,0.0
Latitude,0.0
Longitude,0.0
epoch,0.0
co,12.22
humid,10.89
no,18.360000000000003
no2,19.09
nox,18.360000000000003
o3,12.21
pm25,100.0
so2,12.790000000000001
solar,11.24
temp,11.32
winddir,13.059999999999999
windspd,13.059999999999999
dew,100.0
wind_x_dir,13.07
wind_y_dir,13.07
hour,0.0
day_of_year,0.0
day,0.0
month,0.0
year,0.0
