AQS_Code,0.0
Latitude,0.0
Longitude,0.0
epoch,0.0
co,9.66
humid,10.76
no,15.1
no2,15.75
nox,15.1
o3,14.97
pm25,100.0
so2,15.659999999999998
solar,11.200000000000001
temp,11.25
winddir,12.659999999999998
windspd,12.659999999999998
dew,100.0
wind_x_dir,12.659999999999998
wind_y_dir,12.659999999999998
hour,0.0
day_of_year,0.0
day,0.0
month,0.0
year,0.0
