AQS_Code,0.0
Latitude,0.0
Longitude,0.0
epoch,0.0
co,7.090000000000001
humid,2.78
no,1.63
no2,1.63
nox,1.63
o3,0.0
pm25,18.18
so2,2.16
solar,0.0
temp,13.16
winddir,2.9899999999999998
windspd,2.9899999999999998
dew,100.0
wind_x_dir,2.9899999999999998
wind_y_dir,2.9899999999999998
hour,0.0
day_of_year,0.0
day,0.0
month,0.0
year,0.0
