AQS_Code,0.0
Latitude,0.0
Longitude,0.0
epoch,0.0
co,3.4099999999999997
humid,0.42
no,4.33
no2,4.33
nox,4.33
o3,6.03
pm25,19.6
so2,3.61
solar,0.33999999999999997
temp,12.379999999999999
winddir,5.680000000000001
windspd,5.680000000000001
dew,100.0
wind_x_dir,5.680000000000001
wind_y_dir,5.680000000000001
hour,0.0
day_of_year,0.0
day,0.0
month,0.0
year,0.0
