AQS_Code,0.0
Latitude,0.0
Longitude,0.0
epoch,0.0
co,7.5600000000000005
humid,37.43
no,1.0
no2,1.0
nox,1.0
o3,0.0
pm25,4.99
so2,2.91
solar,0.08
temp,2.36
winddir,2.0500000000000003
windspd,2.0500000000000003
dew,100.0
wind_x_dir,2.0500000000000003
wind_y_dir,2.0500000000000003
hour,0.0
day_of_year,0.0
day,0.0
month,0.0
year,0.0
