AQS_Code,0.0
Latitude,0.0
Longitude,0.0
epoch,0.0
co,4.96
humid,48.02
no,5.27
no2,18.740000000000002
nox,18.740000000000002
o3,19.1
pm25,6.529999999999999
so2,5.6899999999999995
solar,2.77
temp,17.669999999999998
winddir,3.8600000000000003
windspd,3.8600000000000003
dew,100.0
wind_x_dir,3.8600000000000003
wind_y_dir,3.8600000000000003
hour,0.0
day_of_year,0.0
day,0.0
month,0.0
year,0.0
