AQS_Code,0.0
Latitude,0.0
Longitude,0.0
epoch,0.0
co,7.71
humid,10.31
no,1.7399999999999998
no2,1.7399999999999998
nox,1.7399999999999998
o3,0.0
pm25,26.1
so2,4.1000000000000005
solar,0.03
temp,0.03
winddir,0.03
windspd,0.03
dew,100.0
wind_x_dir,0.03
wind_y_dir,0.03
hour,0.0
day_of_year,0.0
day,0.0
month,0.0
year,0.0
