AQS_Code,0.0
Latitude,0.0
Longitude,0.0
epoch,0.0
co,4.52
humid,5.33
no,13.29
no2,5.65
nox,5.65
o3,6.29
pm25,20.369999999999997
so2,15.540000000000001
solar,1.71
temp,1.63
winddir,1.4200000000000002
windspd,1.4200000000000002
dew,100.0
wind_x_dir,1.4200000000000002
wind_y_dir,1.4200000000000002
hour,0.0
day_of_year,0.0
day,0.0
month,0.0
year,0.0
