AQS_Code,0.0
Latitude,0.0
Longitude,0.0
epoch,0.0
co,6.97
humid,12.61
no,2.4299999999999997
no2,2.4299999999999997
nox,2.4299999999999997
o3,0.0
pm25,15.72
so2,2.8899999999999997
solar,12.920000000000002
temp,0.12
winddir,12.44
windspd,0.12
dew,100.0
wind_x_dir,12.44
wind_y_dir,12.44
hour,0.0
day_of_year,0.0
day,0.0
month,0.0
year,0.0
