AQS_Code,0.0
Latitude,0.0
Longitude,0.0
epoch,0.0
co,9.54
humid,0.05
no,1.8900000000000001
no2,1.8900000000000001
nox,1.8900000000000001
o3,0.0
pm25,3.15
so2,2.5100000000000002
solar,0.13
temp,0.05
winddir,0.05
windspd,0.05
dew,100.0
wind_x_dir,0.05
wind_y_dir,0.05
hour,0.0
day_of_year,0.0
day,0.0
month,0.0
year,0.0
