AQS_Code,0.0
Latitude,0.0
Longitude,0.0
epoch,0.0
co,6.2
humid,0.25
no,7.449999999999999
no2,7.449999999999999
nox,7.449999999999999
o3,2.83
pm25,10.41
so2,1.4500000000000002
solar,1.09
temp,0.25
winddir,0.52
windspd,0.52
dew,100.0
wind_x_dir,0.52
wind_y_dir,0.52
hour,0.0
day_of_year,0.0
day,0.0
month,0.0
year,0.0
