AQS_Code,0.0
Latitude,0.0
Longitude,0.0
epoch,0.0
co,4.37
humid,0.06999999999999999
no,3.84
no2,3.84
nox,3.84
o3,3.66
pm25,1.81
so2,3.6999999999999997
solar,1.3299999999999998
temp,0.06999999999999999
winddir,0.06999999999999999
windspd,0.06999999999999999
dew,100.0
wind_x_dir,0.06999999999999999
wind_y_dir,0.06999999999999999
hour,0.0
day_of_year,0.0
day,0.0
month,0.0
year,0.0
