AQS_Code,0.0
Latitude,0.0
Longitude,0.0
epoch,0.0
co,2.42
humid,28.810000000000002
no,6.45
no2,7.02
nox,6.72
o3,8.129999999999999
pm25,3.2800000000000002
so2,8.72
solar,1.44
temp,1.6199999999999999
winddir,1.78
windspd,1.78
dew,100.0
wind_x_dir,1.78
wind_y_dir,1.78
hour,0.0
day_of_year,0.0
day,0.0
month,0.0
year,0.0
