AQS_Code,0.0
Latitude,0.0
Longitude,0.0
epoch,0.0
co,25.36
humid,0.0
no,100.0
no2,100.0
nox,100.0
o3,0.0
pm25,100.0
so2,100.0
solar,100.0
temp,0.0
winddir,0.47000000000000003
windspd,0.47000000000000003
dew,100.0
wind_x_dir,0.47000000000000003
wind_y_dir,0.47000000000000003
hour,0.0
day_of_year,0.0
day,0.0
month,0.0
year,0.0
