AQS_Code,0.0
Latitude,0.0
Longitude,0.0
epoch,0.0
co,29.14
humid,0.44
no,100.0
no2,100.0
nox,100.0
o3,6.3
pm25,100.0
so2,100.0
solar,100.0
temp,0.6
winddir,1.7399999999999998
windspd,1.73
dew,100.0
wind_x_dir,1.7399999999999998
wind_y_dir,1.7399999999999998
hour,0.0
day_of_year,0.0
day,0.0
month,0.0
year,0.0
