AQS_Code,0.0
Latitude,0.0
Longitude,0.0
epoch,0.0
co,29.79
humid,0.27999999999999997
no,100.0
no2,100.0
nox,100.0
o3,7.32
pm25,100.0
so2,100.0
solar,100.0
temp,0.27999999999999997
winddir,2.4299999999999997
windspd,2.4299999999999997
dew,100.0
wind_x_dir,2.4299999999999997
wind_y_dir,2.4299999999999997
hour,0.0
day_of_year,0.0
day,0.0
month,0.0
year,0.0
