AQS_Code,0.0
Latitude,0.0
Longitude,0.0
epoch,0.0
co,7.6499999999999995
humid,28.439999999999998
no,12.659999999999998
no2,13.19
nox,12.93
o3,2.9499999999999997
pm25,3.56
so2,3.74
solar,1.27
temp,1.7399999999999998
winddir,1.59
windspd,1.5699999999999998
dew,100.0
wind_x_dir,1.59
wind_y_dir,1.59
hour,0.0
day_of_year,0.0
day,0.0
month,0.0
year,0.0
