AQS_Code,0.0
Latitude,11.73
Longitude,11.73
epoch,0.0
co,94.28999999999999
humid,92.38
no,89.2
no2,86.07000000000001
nox,85.75
o3,75.79
pm25,100.0
so2,93.84
solar,86.8
temp,65.05
winddir,64.84
windspd,64.68
dew,100.0
hour,0.0
day,0.0
month,0.0
