AQS_Code,0.0
Latitude,11.84
Longitude,11.84
epoch,0.0
co,93.53
humid,91.94
no,88.17
no2,84.82
nox,84.42
o3,72.06
pm25,100.0
so2,93.04
solar,85.04
temp,63.370000000000005
winddir,62.89
windspd,62.870000000000005
dew,100.0
hour,0.0
day,0.0
month,0.0
