AQS_Code,0.0
Latitude,11.95
Longitude,11.95
epoch,0.0
co,93.10000000000001
humid,86.98
no,87.38
no2,84.26
nox,83.89
o3,69.13
pm25,100.0
so2,90.93
solar,85.04
temp,56.64
winddir,56.61000000000001
windspd,56.53
dew,100.0
hour,0.0
day,0.0
month,0.0
