AQS_Code,0.0
Latitude,11.82
Longitude,11.82
epoch,0.0
co,91.31
humid,81.58999999999999
no,84.59
no2,82.65
nox,82.31
o3,64.48
pm25,84.75
so2,89.46
solar,81.69999999999999
temp,46.68
winddir,46.17
windspd,46.29
dew,100.0
hour,0.0
day,0.0
month,0.0
