AQS_Code,0.0
Latitude,11.82
Longitude,11.82
epoch,0.0
co,91.11
humid,81.64
no,84.15
no2,82.15
nox,81.78999999999999
o3,65.13
pm25,84.72
so2,89.71000000000001
solar,81.69999999999999
temp,46.71
winddir,46.2
windspd,46.300000000000004
dew,100.0
hour,0.0
day,0.0
month,0.0
