AQS_Code,0.0
Latitude,10.75
Longitude,10.75
epoch,0.0
co,90.52
humid,80.53
no,82.43
no2,81.47999999999999
nox,81.08999999999999
o3,60.86
pm25,82.76
so2,88.41
solar,79.5
temp,42.54
winddir,42.02
windspd,41.730000000000004
dew,100.0
hour,0.0
day,0.0
month,0.0
