AQS_Code,0.0
Latitude,9.700000000000001
Longitude,9.700000000000001
epoch,0.0
co,90.59
humid,78.25
no,80.4
no2,80.57
nox,80.03
o3,57.02
pm25,84.08
so2,85.04
solar,81.14
temp,34.42
winddir,35.89
windspd,33.06
dew,100.0
hour,0.0
day,0.0
month,0.0
