AQS_Code,0.0
Latitude,8.4
Longitude,8.4
epoch,0.0
co,88.61
humid,75.55
no,79.2
no2,79.55
nox,79.08
o3,57.379999999999995
pm25,82.03
so2,84.65
solar,79.34
temp,33.37
winddir,32.0
windspd,32.019999999999996
dew,100.0
hour,0.0
day,0.0
month,0.0
