AQS_Code,0.0
Latitude,8.3
Longitude,8.3
epoch,0.0
co,88.13
humid,77.22
no,78.83
no2,79.49000000000001
nox,78.97
o3,55.60000000000001
pm25,80.23
so2,83.83
solar,79.71000000000001
temp,29.049999999999997
winddir,27.79
windspd,27.57
dew,100.0
hour,0.0
day,0.0
month,0.0
