AQS_Code,0.0
Latitude,8.3
Longitude,8.3
epoch,0.0
co,87.9
humid,77.27000000000001
no,78.29
no2,78.9
nox,78.36999999999999
o3,56.410000000000004
pm25,80.2
so2,84.19
solar,79.71000000000001
temp,29.09
winddir,27.76
windspd,27.54
dew,100.0
hour,0.0
day,0.0
month,0.0
