AQS_Code,0.0
Latitude,0.0
Longitude,0.0
epoch,0.0
co,99.26
humid,82.19
no,99.49
no2,69.38
nox,69.35
o3,44.769999999999996
pm25,73.59
so2,82.99
solar,73.56
temp,16.04
winddir,11.690000000000001
windspd,12.01
dew,99.5
hour,0.0
day,0.0
month,0.0
