AQS_Code,0.0
Latitude,0.0
Longitude,0.0
epoch,0.0
co,99.26
humid,82.19
no,99.52
no2,71.19
nox,71.16
o3,42.29
pm25,73.74000000000001
so2,81.96
solar,73.57000000000001
temp,16.04
winddir,11.700000000000001
windspd,12.01
dew,99.5
hour,0.0
day,0.0
month,0.0
