AQS_Code,0.0
Latitude,0.0
Longitude,0.0
epoch,0.0
co,99.24
humid,82.07
no,99.5
no2,68.44
nox,69.21000000000001
o3,45.36
pm25,74.64
so2,83.35000000000001
solar,74.22
temp,16.42
winddir,12.17
windspd,12.67
dew,99.49
hour,0.0
day,0.0
month,0.0
