AQS_Code,0.0
Latitude,0.0
Longitude,0.0
epoch,0.0
co,99.25
humid,82.07
no,99.53999999999999
no2,70.39
nox,71.11
o3,42.96
pm25,74.75
so2,82.38
solar,74.22999999999999
temp,16.43
winddir,12.19
windspd,12.690000000000001
dew,99.49
hour,0.0
day,0.0
month,0.0
