AQS_Code,0.0
Latitude,0.0
Longitude,0.0
epoch,0.0
co,99.22
humid,85.92
no,99.52
no2,72.35000000000001
nox,72.96000000000001
o3,44.769999999999996
pm25,80.78999999999999
so2,81.75
solar,73.83
temp,14.23
winddir,10.39
windspd,10.96
dew,99.49
hour,0.0
day,0.0
month,0.0
