AQS_Code,0.0
Latitude,0.0
Longitude,0.0
epoch,0.0
co,99.22
humid,85.89
no,99.51
no2,71.5
nox,72.13000000000001
o3,45.65
pm25,80.74
so2,82.17999999999999
solar,73.83
temp,14.219999999999999
winddir,10.37
windspd,10.94
dew,99.49
hour,0.0
day,0.0
month,0.0
