AQS_Code,0.0
Latitude,0.0
Longitude,0.0
epoch,0.0
co,99.22
humid,84.15
no,99.52
no2,70.75
nox,71.66
o3,42.74
pm25,77.57
so2,84.11999999999999
solar,73.25
temp,16.669999999999998
winddir,12.629999999999999
windspd,13.16
dew,99.47
hour,0.0
day,0.0
month,0.0
