AQS_Code,0.0
Latitude,0.0
Longitude,0.0
epoch,0.0
co,99.21
humid,84.13000000000001
no,99.51
no2,69.85
nox,70.78
o3,43.730000000000004
pm25,77.53
so2,84.48
solar,73.25
temp,16.66
winddir,12.620000000000001
windspd,13.15
dew,99.47
hour,0.0
day,0.0
month,0.0
