AQS_Code,0.0
Latitude,0.0
Longitude,0.0
epoch,0.0
co,98.8
humid,75.16000000000001
no,99.38
no2,51.239999999999995
nox,51.18000000000001
o3,0.0
pm25,72.27
so2,77.55
solar,50.160000000000004
temp,17.21
winddir,11.99
windspd,11.99
dew,99.33
hour,0.0
day,0.0
month,0.0
