AQS_Code,0.0
Latitude,0.0
Longitude,0.0
epoch,0.0
co,99.2
humid,84.1
no,99.49
no2,68.74
nox,69.69999999999999
o3,45.1
pm25,77.49000000000001
so2,84.97
solar,73.25
temp,16.66
winddir,12.620000000000001
windspd,13.15
dew,99.47
hour,0.0
day,0.0
month,0.0
